k,silhouette_score,wcss
2,0.37791404065242384,2395.1868735632183
3,0.41793329508511196,1765.1164043413833
4,0.46593683775212275,1482.916242325617
5,0.4888945997751616,1234.936128970504
6,0.518181469631227,1009.3767195894834
7,0.5274702762452002,891.7567067194705
8,0.5519416904971014,793.1486486125068
9,0.5745257437229936,723.7934501270881
10,0.5864370143198285,657.0083743400692
