Target_Antibiotic,AUC,Accuracy,Precision,Recall,F1,Prevalence_%,N_Resistant,N_Susceptible
TE,0.9469933134544141,0.9409368635437881,0.8947368421052632,0.8571428571428571,0.8755364806866953,24.236252545824847,119,372
AM,0.8033150091620856,0.6843177189409368,0.6044568245125348,0.9434782608695652,0.7368421052631579,46.84317718940937,230,261
SXT,0.9567871291131054,0.8818737270875764,0.494949494949495,0.8596491228070176,0.6282051282051282,11.608961303462321,57,434
CN,0.9724298196690835,0.9327902240325866,0.952054794520548,0.8424242424242424,0.8938906752411575,33.604887983706725,165,326
